country,1990,1991,1992,1993,1994,1995,1996,1997,1998,1999,2000,2001,2002,2003,2004,2005,2006,2007,2008,2009,2010,2011,2012,2013,2014,2015,2016,2017,2018,2019,2020,2021,2022
Aruba,20500,22200,23200,24600,26300,26900,26800,28200,28600,27900,30300,31200,29800,31800,34500,28900,35800,33500,38400,34000,32300,32400,33200,34700,35500,35800,35900,36700,37900,38300,30100,40000,47100
Afghanistan,,,,,,,,,,,,,,,,,,,1340,1570,1770,1750,1960,2070,2120,2140,2050,2120,2140,2200,2090,1680,
Angola,3000,3320,1630,1500,1260,2350,2420,2830,2820,2630,2790,2900,3380,3470,3780,4310,4730,5350,5590,5840,5950,6120,6790,7090,7630,6900,6660,6770,6500,6260,5800,5990,6450
Albania,2550,1880,1740,2110,2300,2710,3050,2780,3110,3550,3980,4440,4780,5130,5560,5980,6760,7490,8270,8670,9530,10200,10400,10800,11400,11800,12300,12800,13500,14200,13800,15300,18300
UAE,,,,,,,,,,,102000,100000,95500,100000,108000,110000,110000,98000,84900,70700,67700,72700,74900,76000,79000,70000,69200,71700,73500,75200,71100,77100,88000
Argentina,6870,7740,8540,9390,9990,9750,10300,11200,11600,11200,11200,10800,9480,10500,10800,12000,14400,16100,16900,15800,17400,18800,19200,19700,19300,19700,19900,23000,22500,22100,20200,23400,26000
Armenia,2660,2470,1250,1440,1580,1810,1960,2140,2290,2420,2650,3000,3500,4090,4710,5560,6570,7780,8580,7340,7690,8160,9640,10400,10600,10500,11200,12900,13800,15100,13900,15200,18100
Antigua and Barbuda,11800,12800,13100,14100,15000,14300,15300,16300,16900,17500,18300,17900,17800,19200,20500,22400,25800,28500,28500,25000,23300,22900,21700,21200,20800,19900,20100,20600,22500,23500,19900,21700,25600
Australia,16800,17100,17600,18700,19700,20300,21400,22400,23600,24700,25800,26900,28300,29300,30900,31800,33500,35000,36000,38900,37800,40300,41600,44800,45700,45400,46200,47100,48700,50300,52000,55600,60800
Austria,19600,20600,21400,21800,22700,23600,24600,25300,26500,27200,29100,29300,31000,32100,33700,34900,37800,39400,41700,40900,42400,44600,46500,48000,48900,49400,52700,53700,56400,59500,57800,60800,67800
Azerbaijan,,,,3230,2610,2310,2360,2520,2790,3120,3320,3680,4030,4480,4850,5970,8140,10000,11600,12900,13800,13800,15100,16300,16900,14500,13500,13600,13800,14500,14400,15600,16600
Burundi,600,640,650,640,630,550,520,520,540,530,540,530,550,530,550,560,590,610,620,610,630,640,650,700,730,800,770,750,760,760,760,790,840
Belgium,18800,19700,20400,20800,22100,22900,23300,24300,25000,26000,28500,29300,30800,31500,32500,33600,35800,37300,38800,38500,40500,41000,43300,44800,45900,46900,49100,50900,53000,56300,55200,60100,66500
Benin,1200,1260,1270,1330,1330,1420,1470,1540,1580,1640,1720,1800,1850,1890,1970,2010,2080,2200,2290,2290,2290,2350,2410,2580,2730,2770,2880,2900,3080,3260,3330,3650,4020
Burkina Faso,570,620,620,640,650,680,760,800,840,890,900,950,970,1030,1070,1160,1250,1290,1350,1350,1410,1470,1530,1590,1570,1580,1750,1900,2030,2100,2130,2290,2440
Bangladesh,990,1040,1110,1170,1220,1280,1340,1400,1470,1530,1620,1700,1780,1860,1990,2150,2360,2580,2790,2930,3100,3330,3740,3990,4220,4450,4770,5000,5460,5930,6150,6870,7690
Bulgaria,6950,6490,6810,6910,7190,7570,6630,5570,6060,5730,6270,6970,7950,8550,9310,10300,11100,11900,13700,13700,14700,15300,16100,16300,17500,17800,19400,21000,22300,24400,24200,26900,32700
Bahrain,27100,29800,30300,32400,31700,33700,34800,34200,35600,36000,38400,38800,38900,41000,42100,43600,44700,46700,46400,41800,43500,43400,52000,51700,49500,43300,42800,46200,47400,48900,47100,51400,58500
Bahamas,19900,19300,18900,18800,19400,22400,24600,21500,22300,24100,25300,26000,26900,26800,27400,28700,29900,30700,30500,28800,28900,29400,29900,29100,30000,30400,30600,32500,33300,34100,26100,32100,38800
Bosnia and Herzegovina,,,,,840,1040,2010,2690,3830,4090,4520,4650,4950,5150,5910,6210,7090,7920,8910,9030,9240,9840,10200,10900,11200,11900,12900,13500,14700,16100,15800,17200,19800
Belarus,5230,5340,4920,4650,4190,3850,4050,4590,5060,5340,5780,6220,6690,7380,8490,9660,11000,12200,13700,13700,15100,16400,17700,18300,18400,17300,16900,17700,18700,19500,19500,21100,21700
Belize,4390,4970,5580,5920,5870,5920,5890,6060,6100,6500,7170,7380,7680,8200,8420,8670,9060,9190,8950,9130,8870,9080,8520,8730,8600,8850,8640,8310,8320,8670,7780,9430,10700
Bermuda,,,,,,,,,,,,,,,,,,,,,72200,71800,70500,72200,71400,74500,78500,85200,86100,86300,82800,90500,98600
Bolivia,2180,2330,2400,2510,2650,2780,2900,3050,3200,3190,3270,3350,3420,3480,3640,3870,4120,4340,4640,4710,4850,5140,5460,6100,6560,6750,7210,8000,8460,8710,8020,8660,9460
Brazil,6440,6640,6670,7010,7350,7900,8100,8360,8330,8280,8740,8900,9190,9390,10100,10600,11300,12300,13000,12900,13800,14600,14600,15300,15400,14400,13900,14200,14600,14900,14600,15800,17300
Barbados,9430,9380,9060,9280,9620,9950,10500,11200,11700,11900,12600,12500,12700,13200,13800,14500,15600,16600,16800,16100,16200,15700,15200,15100,15000,15300,15700,15500,15700,15900,14600,14700,17500
Brunei,55200,57100,59500,59500,61200,63700,65200,63900,62800,64300,66200,68200,70500,72600,73600,74900,79300,80700,79300,77400,78200,80100,84500,81400,80000,64700,59500,63800,61500,65800,67000,66800,67800
Bhutan,1470,1450,1570,1740,1920,1960,2100,2270,2230,2320,2860,3090,3350,3560,3790,4140,4540,5400,5630,5900,6510,7040,7530,7690,8350,9180,9980,10700,11200,12000,11100,12100,
Botswana,5650,6380,6610,6990,6330,7080,7090,7830,8230,8300,8360,8730,8210,8950,9150,9950,11300,12300,12500,11000,11700,12900,12300,12200,13900,13000,14000,13400,13900,14900,14300,16300,17800
Central African Republic,620,620,580,570,590,630,600,630,650,670,640,680,690,660,700,710,750,790,800,870,910,950,1030,690,680,740,800,880,940,960,950,990,1030
Canada,19500,19600,19900,20700,21800,22700,23300,24500,25400,26900,28600,29400,30200,31600,33200,35600,37500,39000,39800,38200,39300,40900,41500,43600,45000,44000,45900,47700,49100,49200,46900,52700,57800
Switzerland,,,,,,31500,32300,34100,35400,36600,39000,39200,39600,41200,42600,44900,49600,51100,50300,53700,57300,57800,60400,62700,63400,65900,67000,67300,68100,70200,68600,76000,82900
Chile,4200,4620,5300,5820,6180,6970,7710,8320,8730,8670,9140,9550,9850,10300,10900,11700,14000,15200,15300,15000,16900,18600,20400,21400,21800,22100,22800,23600,24500,24600,23400,26700,28600
China,980,1100,1260,1450,1660,1830,2030,2240,2410,2620,2880,3160,3500,3910,4420,5020,5830,6830,7630,8290,9220,10200,11100,11800,12500,12800,13400,14200,15400,16600,17100,19400,21300
Cote d'Ivoire,2480,2500,2480,2440,2480,2620,1830,1940,1990,2010,1880,1840,1810,1750,1860,2060,2110,2150,2280,2340,2460,2250,2490,2650,4180,4480,4590,4690,4920,5200,5220,5680,6340
Cameroon,1940,1840,1780,1640,1650,1680,1740,1800,1870,1940,1970,2030,2110,2260,2450,2500,2640,2730,2800,2840,2860,2930,2980,3140,3340,3390,3500,3620,3750,3830,3790,4000,4330
"Congo, Dem. Rep.",,,,,490,470,510,480,460,430,420,400,410,430,460,480,510,540,550,560,590,620,620,670,750,810,910,990,1030,1040,1070,1140,1290
"Congo, Rep.",2900,3000,3180,2920,2890,2120,2170,2610,2820,2520,2700,2750,2910,2970,2840,3270,3910,3580,3920,4450,4790,4680,5740,5680,5600,4680,4090,4920,4480,4700,3980,3920,4050
Colombia,4880,5070,5300,5650,6050,6380,6490,6710,6730,6440,6610,6740,6900,7150,7610,8200,8890,9590,9940,10100,10400,11200,11600,12400,13000,13200,13800,14100,14800,15500,14900,16800,19500
Comoros,1510,1440,1580,1620,1530,1580,1560,1610,1610,1640,1820,1870,1890,1930,1980,2060,2140,2180,2260,2300,2370,2460,2650,2800,2900,2900,3070,3260,3390,3450,3420,3580,3850
Cape Verde,1080,1110,1230,1330,1570,1780,1970,2180,2420,2660,3020,3150,3280,3450,3840,4130,4520,5370,5760,5660,5670,5970,5810,5830,5720,6030,6470,6910,7330,7920,6280,6910,8600
Costa Rica,4740,4980,5440,5830,6150,6360,6450,6760,7090,7210,7440,7730,7980,8350,8860,9410,10300,11400,12100,11700,12300,13000,13700,14300,15300,16200,18100,19100,20000,21300,20400,21300,23400
Cayman Islands,,,,,,,,,,,,,,,,,,,,,62800,64500,44100,38600,37200,38600,42300,46600,50800,56000,48700,53000,
Cyprus,13300,13500,14700,14800,15600,16200,16500,16800,19300,18500,19500,21200,22300,23300,24500,26300,28400,30800,34300,33800,33000,34300,31700,30100,29400,31700,34500,37300,39200,41700,38800,42100,47500
Czech Republic,,,11800,12100,12800,13800,14500,14600,14800,15100,15900,17100,17600,18900,19900,21100,22400,24600,26300,25900,25800,26700,27400,28900,30300,31600,33700,36600,38900,41500,40700,43800,46900
Germany,19700,21100,21800,21900,22800,23500,24100,24500,25200,26100,27100,28200,28900,29600,31500,32100,34700,36800,38200,37600,39700,43600,44400,46000,48000,48700,51800,54300,57100,59600,58100,61300,66000
Djibouti,,,,,,,,,,,,,,,,,,,,,,,,3750,3980,4270,4320,4440,4670,5010,5060,5500,6010
Dominica,4240,4420,4630,4870,4890,5100,5270,5540,5880,5810,5850,6300,6140,6670,6960,7300,8220,8900,9780,9850,10100,10300,10000,10100,10800,10900,11700,11600,12200,12700,11000,12100,13500
Denmark,17600,18400,19200,19700,21200,22300,23300,24500,25400,26400,28000,29000,30300,30600,33000,34400,37800,39200,41700,40700,43700,45300,45800,48200,49600,50500,53300,56600,59100,61600,62800,68700,77400
Dominican Republic,3540,3610,4020,4270,4420,4680,4990,5440,5760,6080,6420,6620,6930,6710,6860,7860,8780,9540,10100,10100,10900,11300,11300,11800,12700,14000,15200,15700,17100,18100,16900,19500,21900
Algeria,6720,6570,6760,6690,6590,6770,7040,7180,7550,7750,8090,8580,8990,9710,10200,10900,11400,12200,12600,12600,13100,13400,13200,12800,12800,11800,11600,11600,11700,11800,11200,11900,12900
Ecuador,4350,4650,4830,4980,5220,5370,5440,5700,5820,5380,5470,5820,6080,6250,6790,7300,7760,8000,8670,8650,8980,9710,10200,11000,11500,10900,10900,11400,11600,11500,10600,11600,12600
Egypt,3550,3740,3900,4010,4160,4360,4560,4790,5030,5270,5610,5850,5900,6070,6350,6700,7300,7900,8460,8670,8850,8940,10300,10300,10100,10700,10400,10800,11400,11900,12300,13100,14600
Eritrea,,,960,1080,1290,1300,1350,1470,1510,1510,1460,1580,1590,1510,1500,1560,1570,1610,1440,1460,1480,1610,,,,,,,,,,,
Spain,13500,14300,14700,14900,15300,16100,16700,17700,18900,19800,21400,22600,24100,24800,25900,27200,30100,31700,32300,31500,31200,31300,31500,32200,33400,34900,37400,39600,40800,43200,38100,41500,46500
Estonia,,,,,,,,,,,9070,9810,11100,12400,13700,15900,18300,20500,21600,19900,20500,23300,24900,26800,28100,28500,30600,33000,35600,38500,38900,42400,45200
Ethiopia,410,380,340,380,390,410,450,460,430,450,470,510,510,490,560,630,700,780,860,910,1010,1110,1190,1260,1480,1620,1840,1980,2110,2260,2370,2550,2800
Finland,17800,17100,16600,16700,17800,19000,19600,21500,23100,24500,26600,27800,28700,28900,31400,32200,34800,38000,40100,38400,39500,41100,41100,41700,42200,42900,45100,47600,49800,52100,53200,55600,60000
Fiji,3780,3810,4100,4270,4510,4850,5180,5080,5060,5520,5790,5810,6130,6200,6640,6930,6830,7020,7160,7220,7280,7610,8080,8860,10200,11000,11300,11800,12800,12700,10800,10800,13800
France,17800,18400,19000,19300,20100,20900,21500,22500,23700,24800,26500,28000,28800,28500,29500,31000,33100,34800,35900,35500,36700,38400,38500,40400,41000,41700,43800,45600,47600,51600,48700,52500,56400
"Micronesia, Fed. Sts.",,,,2310,2290,2350,2300,2120,2180,2290,2450,2540,2590,2680,2710,2880,2980,3050,3020,3190,3240,3380,3420,3450,3420,3960,3940,4000,3690,4100,4020,4040,4280
Gabon,10800,11500,10800,11000,11700,12000,12400,13000,13500,12100,11400,11900,12200,12100,11600,12700,11900,12300,11900,11900,12200,12800,13200,13000,14000,12900,12700,13600,13600,13900,13900,12900,14900
UK,17500,17900,18500,19400,20800,20000,21300,22700,23800,24400,26600,28100,29400,30700,32300,33100,34600,35200,36300,34700,36500,37400,38000,39300,40500,41600,43000,45500,46500,49100,44800,50600,55200
Georgia,,,2580,1830,1700,1800,2160,2660,2890,3080,3140,3400,3660,4170,4610,5220,5990,6850,7110,6960,7430,8120,9720,10400,11400,11800,12300,12900,14000,14900,14100,16000,18800
Ghana,1560,1660,1720,1800,1850,1920,2000,2070,2140,2210,2280,2370,2450,2550,2700,2880,3030,3220,3490,3590,3790,4260,4690,4980,5100,4870,4620,4690,5010,5340,5620,5800,6400
Guinea,850,860,890,940,970,1010,1040,1090,1120,1160,1190,1240,1320,1280,1310,1340,1460,1560,1610,1550,1620,1690,1740,1700,1720,1760,2010,2370,2440,2540,2470,2500,2870
Gambia,1350,1400,1430,1460,1450,1460,1470,1500,1530,1590,1660,1740,1650,1780,1950,1900,1890,1950,2050,2130,2210,2000,1990,1920,1830,1870,1880,1890,2020,2140,2130,2230,2460
Guinea-Bissau,990,1040,1050,1060,1080,1120,1250,1340,950,950,1010,1030,1030,1030,1070,1120,1160,1210,1220,1250,1300,1410,1320,1300,1390,1590,1740,1880,1830,2010,1940,2020,2220
Equatorial Guinea,620,620,840,910,900,970,1550,4030,4450,5740,5210,5640,7180,6820,8550,12300,20200,23200,24600,21400,16700,19100,21500,20600,19900,15700,13800,14400,13900,12400,12000,12300,12800
Greece,,,,,,,,,,,,,,,,,28000,28600,29900,29700,27300,25000,25100,26000,26800,26700,27400,28500,29300,30900,28200,31200,36700
Grenada,4400,4670,4700,4620,4750,4850,5110,5410,6030,6480,6830,6710,6960,7760,7650,9560,9390,10000,10300,9290,9600,9910,9910,10700,10900,11500,12600,13300,14200,14500,12900,13900,15600
Guatemala,3220,3420,3560,3710,3840,4020,4090,4250,4430,4540,4700,4840,4930,5050,5220,5440,5770,6160,6420,6350,6450,6720,7060,7270,7560,8000,8040,8150,8500,8880,8700,9610,10600
Guyana,2700,2820,3240,3730,4210,4530,5100,5440,5450,5630,5760,5990,6140,6260,6580,6700,7130,8080,8400,8790,9390,10100,10700,11300,11200,11400,11500,12200,12600,13200,18900,22900,38300
"Hong Kong, China",17700,19100,20600,22900,24200,24900,24900,26600,25600,26400,28400,29500,29800,32000,35300,38300,42700,46700,49600,47200,50200,53700,53000,54700,55900,57500,58700,62400,65500,65300,62500,70800,74000
Honduras,1900,1830,1920,2080,2070,2180,2200,2300,2360,2330,2480,2530,2580,2660,2810,3020,3230,3500,3650,3550,3550,3660,3690,3780,4020,4410,4690,5110,5250,5390,4940,5640,6220
Croatia,,,,,,8050,8800,9530,9890,9730,10500,11400,12600,13200,14400,15100,17200,19100,20300,19500,19400,20400,20800,21800,22100,23500,24900,27200,28900,31700,30400,35500,40600
Haiti,2170,2240,2130,2020,1790,1980,2060,2110,2140,2190,2210,2210,2230,2310,2300,2400,2490,2630,2710,2850,2690,2860,2810,3000,3020,2950,3150,3210,3300,3260,3140,3180,3310
Hungary,,,,8220,8610,8800,8930,9230,9750,10200,11200,12400,13700,14600,15300,16000,17300,17600,19400,19800,20700,21900,22300,23800,24500,25500,27200,28300,30700,33700,33400,35600,40500
Indonesia,2920,3170,3400,3680,4020,4360,4720,4940,4150,4090,4370,4710,4970,5190,5490,5890,6360,6870,7370,7660,8210,8770,9370,9710,9890,9880,10200,10600,11300,12000,11800,12700,14300
India,1190,1210,1280,1350,1440,1550,1670,1740,1830,1990,2070,2180,2260,2440,2660,2920,3200,3500,3610,3870,4170,4430,4770,4950,5130,5350,5710,6050,6520,6830,6430,7220,8230
Ireland,12800,13400,13900,14600,15800,17300,18800,20400,22500,23600,26300,27800,29500,31300,33400,35000,38800,40400,38200,34600,36300,36700,37500,40400,43300,53200,58300,62000,65700,69700,70700,80900,91100
Iran,7590,8530,8790,8810,8770,9040,9670,9850,10000,10200,10900,11200,12200,13400,14100,14700,15700,17200,17400,17400,18400,19000,16900,16000,15800,13800,14700,15200,15100,14700,15200,16600,18200
Iraq,,2640,3490,4490,4540,4570,5000,5900,7790,8950,10500,10600,9430,6020,9210,8510,9570,10300,11900,11900,12200,12800,14300,14400,12900,9120,8840,9900,10200,10700,9250,9600,10800
Iceland,,,,,,23600,24600,26500,28100,29000,28700,30800,32700,32400,34400,35500,36300,38800,34000,33600,32200,34500,36700,42100,43500,46500,51000,53900,54300,59500,53100,55500,65900
Israel,,,,,,20100,21000,21500,22100,22400,24200,24700,25100,23800,25300,25400,26200,28100,27500,27300,28800,30800,31600,34000,34500,35500,37700,39100,40000,40500,39700,43500,49300
Italy,18400,19300,19800,20100,21000,22100,22800,23800,24900,25600,27000,27900,28600,29100,29500,30200,32600,34200,35200,34600,35100,36500,36400,36300,36200,36600,40000,41800,43500,46200,43700,48200,53300
Jamaica,4350,4630,4910,5720,5690,5940,6150,6100,5970,6060,6200,6340,6430,6780,7040,7270,7740,8030,8180,7730,7820,8100,8320,8500,8630,8810,9130,9700,10000,10400,9400,10300,11700
Jordan,4260,4110,4640,4760,4890,5140,5150,5350,5510,5650,6080,6450,6710,7000,7700,8390,8770,9170,9640,9940,9830,10000,10200,10200,9350,9130,8990,9580,9770,9940,9720,10300,11100
Japan,20100,21400,22000,22400,23000,24100,25300,26000,25800,26100,27700,28400,29000,29900,31400,32900,34500,36100,36200,34400,36300,37300,38600,40800,41000,42500,42000,43000,43800,43900,43200,44900,48500
Kazakhstan,,,,6820,6160,5880,6090,6370,6440,6630,7240,8540,9610,10600,11700,12600,13900,15300,15400,16000,16700,17800,19100,21900,22200,21800,21500,22200,22900,24000,24400,25300,27300
Kenya,1670,1690,1660,1640,1680,1760,1830,1830,1870,1880,1880,1930,1920,1950,2050,2190,2320,2470,2460,2170,2320,2470,2550,2780,3040,3390,3970,4230,4500,4720,4670,5150,5680
Kyrgyz Republic,,2380,2070,1790,1440,1370,1470,1600,1610,1640,1750,1910,1930,2090,2230,2300,2470,2730,2910,2980,2890,2950,3530,3810,4100,4050,4440,4800,5100,5030,4900,5050,5670
Cambodia,,,,,,760,790,830,860,950,1040,1130,1190,1300,1440,1650,1850,2080,2210,2190,2330,2500,2730,2890,3020,3220,3510,3770,4090,4380,4330,4560,5070
Kiribati,1450,1960,2010,1960,1990,2110,1850,2230,2500,2270,2430,2550,2440,2350,2250,2320,2370,2460,2430,2300,2390,2290,2660,3010,3430,4090,3490,3760,3880,4320,3750,3790,3870
St. Kitts and Nevis,8740,8770,9150,9860,10500,11200,11800,12600,12300,12600,14100,14900,15200,14600,15900,18100,19500,20200,22900,22200,22500,23300,22500,23900,24600,24800,26300,28000,29300,32000,27400,28000,32600
South Korea,8350,9470,10200,11000,12200,13400,14600,15600,14800,16600,18400,19600,21300,22000,23700,25000,26800,29000,29900,29500,31800,32800,33900,34500,35500,38000,39700,41100,43200,43800,45100,47600,51100
Kosovo,,,,,,,,,,,,,,,,,,,6850,6980,7350,7970,8300,8580,8830,9510,10100,10700,11200,12100,11600,13400,15200
Kuwait,,,46100,56900,61700,68500,67300,70300,72500,66800,69800,67300,65400,75000,85300,94300,101000,101000,96900,85400,81300,83400,85800,81200,75400,51500,48800,57800,56800,56600,53500,59100,67200
Lao,1010,1060,1110,1180,1260,1340,1430,1490,1530,1660,1720,1830,1950,2030,2230,2470,2630,2920,3120,3390,3540,3830,4510,4960,5570,5850,6510,6830,7390,7700,7710,8170,8680
Lebanon,3650,4630,5500,6000,6590,7080,7780,7790,7930,7890,8100,8280,8230,7470,9290,9990,10400,11800,12700,13600,14600,15000,15800,15500,14800,15200,16300,17700,18000,17500,14100,13400,
Liberia,,,,,,,,,,,860,830,840,580,610,650,710,780,840,870,900,1000,1040,1210,1230,1160,1280,1400,1360,1360,1390,1470,
Libya,,,,,,,,,,,,,20700,23400,24000,26700,28900,31300,31100,29300,30300,16100,28800,24000,21000,22700,22200,24700,26700,24100,16800,22000,23600
St. Lucia,6040,6170,6790,6820,7010,7150,7470,7450,7930,8210,8820,8610,8820,9200,9920,10100,11300,11600,12300,12200,12400,13300,13000,13400,13100,12700,13700,14300,15200,15200,12100,14000,17100
Sri Lanka,2390,2550,2700,2930,3110,3300,3460,3730,3910,4100,4420,4420,4630,4970,5330,5770,6340,6900,7290,7600,8230,9050,10100,10700,11200,11700,12600,13200,13700,13800,13300,14300,14000
Lesotho,1230,1280,1310,1310,1380,1400,1490,1540,1520,1580,1630,1950,2000,2110,2130,2150,2220,2650,2750,2640,2730,2700,2640,2880,3050,3350,3290,2920,3050,3040,2780,2890,3190
Lithuania,,,,,,5920,6320,6940,7590,7630,8300,9310,10400,11800,12700,14300,16100,18400,20100,18500,20000,22200,23900,26100,27900,27800,29800,32500,35300,38600,39000,42400,47100
Luxembourg,29900,33400,34100,35200,35500,37400,38600,41000,41500,46000,48800,50000,49400,48700,58400,62600,63200,72400,71200,55400,61400,65500,74200,72400,76500,69400,75100,82300,83300,82000,84000,90200,94700
Latvia,,,,,,5560,5850,6540,7110,7340,8030,9070,10100,11000,12000,13800,15500,17700,19300,18200,17900,19200,21100,22600,23900,24900,26700,28600,30400,32300,32800,34100,39200
"Macao, China",26900,27900,31500,32900,34200,34900,34100,33900,31900,30400,31600,35500,38200,41700,51000,54600,59500,74900,68800,69600,84800,99800,109000,124000,125000,102000,101000,109000,116000,113000,68800,73200,73200
Morocco,2680,2920,2880,2870,3210,3040,3450,3400,3650,3720,3840,4180,4360,4670,4970,5240,5740,6030,6420,6540,6760,7160,7150,7390,7010,7550,7590,7800,8140,8440,7890,8780,9410
Moldova,,,,,,,3110,3220,3010,2980,3170,3520,3940,4350,4880,5420,5790,6030,6660,6100,6790,7310,7960,9070,9490,9850,11100,12100,13000,14000,12900,15400,15800
Madagascar,1130,1060,1070,1090,1070,1080,1100,1120,1150,1180,1230,1300,1120,1220,1290,1340,1410,1510,1590,1490,1470,1480,1440,1440,1470,1450,1510,1500,1540,1600,1470,1600,1730
Maldives,,,,,,5880,6330,6810,7290,7720,8110,8000,8590,9700,10400,9420,11700,10900,12000,10900,11200,12200,12600,13500,15000,16200,16900,17700,18800,19700,13400,18800,22800
Mexico,8490,9020,9410,9070,9440,8810,9400,10100,10700,10900,11500,11600,11700,12000,12600,13100,14300,14800,15600,15200,16000,17200,17800,17800,18500,18700,19700,20100,20500,20200,18400,19700,21800
Marshall Islands,,,,,,3430,2950,2800,2860,2890,3000,3240,3320,3350,3470,3730,3770,4040,3870,3970,4120,4180,4080,4500,4740,5370,5440,5690,6290,7240,7190,7230,8130
North Macedonia,5340,5230,4920,4750,4840,4910,5020,5150,5370,5620,6040,6010,6320,6520,7130,7710,8650,8920,10400,10900,11200,11500,11700,12400,13200,13400,14500,15100,16100,17200,16800,18100,19400
Mali,760,860,830,860,890,890,950,990,1050,1100,1090,1200,1200,1330,1350,1430,1490,1530,1590,1600,1660,1700,1640,1700,1800,1910,2050,2080,2170,2220,2150,2230,2420
Malta,9030,9520,9940,10400,10900,12700,13200,13900,14200,15200,17700,18600,19800,20900,21500,21600,22400,23800,26100,25300,27200,28300,28800,30700,32600,35400,35800,39100,41600,45000,40600,45600,50200
Myanmar,430,440,490,520,570,610,660,700,740,820,940,1060,1200,1380,1590,1850,2140,2440,2730,3020,3320,3550,3660,3980,4150,4270,4310,4520,4910,5260,4880,4470,4910
Montenegro,,,,,,,,,,,6310,7110,7500,7770,8250,8410,10600,12600,14000,13100,13500,14600,14100,15200,15600,16700,18400,20100,21800,24100,20800,23800,27600
Mongolia,3320,3130,2800,2700,2810,3030,3140,3280,3440,3560,3630,3800,4000,4300,4860,5250,5870,6510,7090,6880,7020,8260,9550,10100,10300,9870,9940,9830,11200,11600,11200,11000,12500
Mozambique,,280,260,290,300,300,340,370,400,450,440,500,500,580,640,670,720,790,840,900,940,1020,1050,1090,1140,1280,1340,1250,1290,1310,1240,1230,1210
Mauritania,2590,2650,2650,2740,2620,2860,3180,3020,3070,3150,2990,2880,3050,3250,3420,3720,4250,4210,4210,4190,4130,4210,4220,4440,4230,4180,4740,5180,5470,5550,5460,5580,6260
Mauritius,4970,5360,5770,6120,6370,6740,7130,7620,8070,8310,9110,9610,9850,10500,11200,11700,12600,13900,14800,15000,16100,16600,17800,18600,19400,20400,21700,22700,24700,25900,22400,24300,26400
Malawi,670,730,680,750,690,830,890,920,940,960,980,920,930,980,1030,1070,1120,1230,1320,1390,1450,1510,1460,1560,1520,1420,1470,1430,1490,1560,1550,1610,1700
Malaysia,6710,7330,7920,8710,9440,10300,11300,11900,10800,11200,12000,12100,12700,13600,14600,15600,16900,18200,18800,18500,19500,20800,21700,22200,23200,23500,24200,25200,26600,28100,26800,28400,32400
Namibia,3940,4340,4490,4370,4400,4640,4630,4770,4890,4870,5150,5180,5510,5970,6570,6670,7330,7660,7920,7860,8130,8690,9080,9840,10600,10800,10400,10200,10100,10200,9510,9890,11200
Niger,740,740,740,740,740,750,750,750,820,810,790,840,870,870,880,940,990,1000,1060,1050,1110,1120,1190,1160,1190,1190,1180,1200,1280,1330,1230,1330,1380
Nigeria,,,,,,,,,,,,,,,,,,,3920,4120,4380,4580,4660,4880,5240,5200,5080,5010,5070,5190,5080,5330,5700
Nicaragua,1940,1760,1720,1740,1780,1960,2110,2230,2350,2520,2640,2730,2770,2870,3080,3300,3470,3710,3860,3690,3850,4120,4220,4350,4700,5030,5350,5610,5480,5420,5160,5880,6380
Netherlands,18600,19700,20200,21000,22100,23300,24500,25900,27200,29100,31700,32300,33500,33700,35300,37000,40700,43500,44200,42900,44600,46400,46800,48900,48700,49800,51000,54500,57600,59000,57900,65500,70200
Curaçao,,,,,,,,,,,,,,,,24500,25100,25900,26000,25500,25900,25900,24700,24300,24100,24000,23600,24500,24800,25000,21200,23400,
Norway,17900,19000,20200,21100,22600,24100,26500,28300,27900,30300,36500,37900,38200,38900,42800,48500,54400,56000,61800,55900,58900,63100,66300,68100,68400,63300,61900,66900,73100,72000,67800,83800,118000
Nepal,830,890,920,950,1030,1060,1110,1160,1190,1240,1320,1390,1390,1450,1540,1630,1730,1830,1970,2060,2170,2280,2490,2670,2930,2970,2960,3530,3830,4130,4020,4280,4750
Nauru,,,,,,,,,,,,,,,,,,4410,6760,6840,6940,7980,10200,11100,12400,12900,13700,13100,13600,15500,17200,19500,19600
New Zealand,14200,13600,13900,14800,15900,16800,17100,18000,18400,19400,20300,21400,22100,22900,23700,24000,25900,27200,27700,29400,29700,31200,31600,34800,35800,36200,38600,40600,41000,44700,44600,47100,50900
Oman,25700,27100,28300,29400,30300,32000,32900,34800,35600,35500,38100,40100,39700,39800,41100,42000,45400,47800,50600,52400,50300,47600,47700,45800,42500,35400,32900,33000,33100,32900,32500,35300,38600
Pakistan,1880,1970,2120,2150,2210,2300,2380,2370,2380,2440,2520,2590,2620,2770,3010,3260,3490,3650,3720,3770,3810,3930,4090,4220,4350,4510,4650,4820,5160,5280,5190,5700,6260
Panama,5070,5490,6020,6480,6730,6680,7100,7450,7860,8020,8360,8420,8800,8830,9470,10200,11300,12900,14100,14200,14600,16700,18200,20300,21800,24700,26900,29800,31000,31800,26900,31000,37500
Peru,3150,3380,3350,3530,3950,4230,4400,4700,4700,4750,4890,4990,5260,5470,5720,6140,6620,7350,8190,8330,8950,9630,10000,10600,10900,11100,11400,11900,12400,12800,11500,12800,14000
Philippines,2620,2670,2710,2780,2930,3060,3240,3440,3660,3730,3760,3890,4010,4200,4510,4800,5090,5460,5710,5840,6210,6450,6930,7330,7700,7940,8460,8880,9480,10000,8830,9250,10700
Palau,,,,,,,,,,,10800,11700,12300,11800,12500,13600,14200,15300,15000,13800,14300,15800,16600,16500,17700,19300,19600,18700,17800,18400,17800,16100,
Papua New Guinea,1680,1840,1990,2330,2450,2360,2440,2340,2190,2170,2120,2070,2030,2000,2070,2230,2230,2450,2460,2520,2720,2660,2890,2880,3470,3460,3680,3780,3740,3830,3830,3840,4180
Poland,5870,5720,5920,6310,6880,7580,8220,8870,9420,9980,10600,11100,11800,12200,12900,13600,14800,16200,17900,18600,20200,21900,22700,23400,24400,25800,27100,28700,30700,33500,34000,36500,42400
Puerto Rico,9470,9950,10200,10800,11300,11800,12200,12900,13300,14400,15400,15800,16000,16500,18700,19200,19900,20700,20600,20100,20200,20800,21800,22300,22600,22900,23000,22900,23500,24400,23400,24800,27800
Portugal,11800,12800,13300,13300,13600,14500,15000,15800,16600,17700,18600,19200,20100,20600,21200,22400,24000,25000,25800,25600,26400,26300,25800,27600,28100,28900,30800,32300,34100,36300,34400,36400,41300
Paraguay,,,,,,6240,6660,6660,6610,6460,6040,6140,6320,6160,6630,6940,7680,8620,9340,9240,10300,10900,10400,11500,11900,12000,12600,13100,13700,13800,13600,14600,15500
Palestine,,,,,2470,2600,2540,2860,3330,3570,3090,2710,2310,2610,3160,3590,3610,3800,4040,4200,4360,4780,5610,5810,6090,6680,7080,7250,7580,7660,6620,7470,8170
Qatar,,,,,,,,,,,81700,86100,88600,92000,103000,97700,115000,115000,117000,114000,128000,145000,153000,150000,137000,96600,84400,91900,91800,92300,92000,101000,110000
Romania,5260,4800,4500,4670,4970,5390,5700,5510,5480,5530,5810,6480,7090,7380,8610,9320,11200,13300,16400,16400,17100,18600,19500,19400,20500,21400,23600,26600,29000,32600,32900,35400,40000
Russia,8010,7840,6800,6350,5710,5570,5440,5580,5230,5680,6650,7260,7880,8970,10000,11500,14500,16300,19600,18800,19900,22100,23600,25200,24900,23400,23500,25200,28100,29100,29300,33100,35500
Rwanda,550,540,570,520,310,510,490,500,530,560,610,670,750,770,820,910,1000,1080,1180,1230,1300,1400,1430,1480,1630,1730,1790,1870,2020,2210,2130,2420,2730
Saudi Arabia,33700,37800,38500,37900,37300,37500,37600,37600,38400,36700,38300,38000,36500,40300,43900,46400,47300,47900,50000,47600,48600,53800,55500,54900,55500,49400,46700,48300,49300,49500,48200,52500,59900
Sudan,1400,1430,1570,1690,1750,1860,2010,2380,2450,2480,2590,2780,2900,3070,3220,3420,3620,3830,3900,3760,3680,4000,3710,3700,4460,4420,4720,4430,4200,4090,3870,3920,4150
Senegal,1510,1560,1580,1580,1570,1660,1700,1740,1830,1920,1990,2080,2050,2170,2270,2390,2460,2530,2610,2610,2660,2660,2730,2730,2820,2940,3040,3170,3360,3480,3510,3770,4060
Singapore,23600,25100,27000,29400,33100,35300,36600,40000,38100,40400,43500,42800,44200,47500,51100,55500,62300,67000,65200,62800,74600,77300,78400,78500,81500,81000,84000,88700,88300,90900,86600,99400,107000
Solomon Islands,1270,1340,1500,1580,1700,1840,1860,1810,1810,1750,1530,1410,1340,1440,1570,1700,1740,1760,1820,1850,2050,2140,2230,2450,2430,2420,2480,2570,2660,2700,2670,2680,2670
Sierra Leone,680,740,600,660,610,620,650,620,620,620,660,610,740,800,840,880,810,1080,1170,1190,1140,1230,1260,1710,1720,1560,1630,1570,1630,1700,1640,1760,2250
El Salvador,2800,2880,3130,3350,3560,3780,3840,3980,4110,4180,4320,4430,4530,4650,4810,5090,5510,5760,6000,5830,6020,6340,6350,6650,7000,7350,7750,8140,8510,8930,8320,9600,10500
San Marino,,,,,,,,,,,,,,,,,,,,,,,,,,,,53900,54900,57300,53700,61100,
Somalia,,,,,,,,,,,,,,,,,,,,,,,,1050,1220,1420,1500,1550,1580,1610,1530,1600,1700
Serbia,,,,,,,,5720,6000,5530,6020,6490,7200,7600,8420,8970,9910,10900,12300,12300,12500,13200,13500,14100,14100,14200,15000,15500,16800,18400,19000,20600,22700
South Sudan,,,,,,,,,,,,,,,,,,,,,,1570,1380,1850,1210,1040,,,,,,,
Sao Tome and Principe,,,,,,,,,,,,1820,1870,2040,2110,2280,2600,2730,2820,2860,2850,2900,2630,2950,3250,3120,3280,3360,3550,3620,3740,3880,4110
Suriname,6470,6820,6950,6530,6870,6900,6920,7180,7300,7080,7200,7080,7800,8330,9120,9890,10600,11600,12200,12500,12800,13200,14700,15900,16500,16700,13900,15800,17100,17300,13600,14300,16300
Slovak Republic,,,,,,8750,9490,10100,10600,10700,11300,12400,13300,13500,14600,16200,18400,20600,23300,23000,24900,25400,26500,27800,28700,29300,28900,29600,30900,32600,32600,33500,36800
Slovenia,,,,,,13700,14300,15300,16000,17100,18000,18900,20100,20900,22400,23600,25400,26900,28800,27100,27500,28500,28600,29600,30600,30600,33100,35900,38400,41500,40700,43500,47400
Sweden,19900,20100,19900,19800,21200,22500,23300,24200,25300,27400,29600,30000,31000,32400,34000,34700,38700,42100,43600,41200,43400,45500,46500,47400,48200,49500,50700,52900,54600,58100,58200,62800,67600
Eswatini,3560,3620,3700,3680,3670,4170,4460,4590,4500,4730,4690,5020,4950,5100,5500,6310,6520,7000,7060,7040,7140,7340,7510,8100,8200,8240,8030,7660,7960,7960,7880,9240,9830
Sint Maarten (Dutch part),,,,,,,,,,,,,,,,,,,,34500,36200,39400,34900,34800,41100,42000,42100,42200,39800,43600,38100,41300,48400
Seychelles,8660,9140,10000,10800,10600,10400,11600,13200,13200,13300,13900,14200,13200,13300,14300,16000,17700,18200,17400,17300,17900,20300,22100,20900,22900,22500,26100,30200,26600,28500,26600,28800,28400
Turks and Caicos Islands,,,,,,,,,,,,,,,,,,,,,,,,,20900,22100,24200,25300,26100,26400,19500,21900,24400
Chad,710,770,820,670,750,750,740,770,810,790,760,840,880,860,1140,1320,1310,1380,1360,1580,1770,1760,1690,1500,1600,1760,1630,1560,1580,1600,1550,1550,1640
Togo,1120,1120,1070,930,1060,1140,1230,1380,1340,1330,1320,1330,1370,1460,1440,1380,1420,1410,1460,1500,1570,1730,1680,1750,1830,1930,1950,1970,2060,2150,2190,2350,2610
Thailand,4350,4800,5210,5700,6190,6730,7100,6900,6310,6670,7140,7420,7870,8470,9150,9740,10600,11400,11700,11600,12400,13000,13900,14100,14400,14700,15500,16300,17200,18100,17400,18200,20100
Tajikistan,2570,2410,1720,1460,990,970,780,840,890,920,990,1080,1210,1330,1500,1920,2210,2500,2740,2600,2840,3150,3480,3950,4060,3700,3570,3710,4040,4320,4500,5190,5680
Turkmenistan,,,,4440,3720,3390,3620,3260,3440,3970,4070,4350,4360,4580,4860,5280,6010,6990,7850,8180,8680,9850,10500,11200,11800,12400,13000,13100,14100,15100,,,
Timor-Leste,,,,,,,,,,,1770,1950,2220,1810,2090,2570,3880,5420,8340,6240,7340,9060,8690,7340,6220,5060,4220,4470,4520,6020,6910,6060,4740
Tonga,2200,2390,2430,2560,2840,3030,3150,3230,3380,3500,3520,3680,3960,4050,4060,4110,4290,4390,4680,4520,4610,5000,5140,5250,5380,5540,5960,6510,6830,7150,7290,7160,
Trinidad and Tobago,6270,6590,7380,7560,7830,8350,8910,9960,11000,11900,12800,13800,15100,17400,19800,21100,24500,26400,27700,26200,27400,25800,27500,28100,28300,27600,25800,26500,25700,26100,23400,25300,26300
Tunisia,3620,3780,4060,4110,4270,4430,4740,5040,5300,5640,5940,6250,6370,6750,7280,7620,8240,8890,9320,9640,9960,9840,10000,10000,10300,10200,10400,10600,11000,11300,10300,11200,12200
Turkey,8370,8570,9130,9940,9360,10100,10800,11700,8870,8530,9360,8930,9110,9420,10700,11700,13400,14700,15900,15300,17200,19400,20500,22200,23900,25600,26400,27800,27900,27600,27600,30300,37100
Tuvalu,,,,,,,,,,,,4760,5930,4210,4590,4510,4540,5310,5220,5250,4750,4750,4080,5080,4470,5860,5890,5870,6350,6720,6580,6850,7310
Tanzania,890,920,920,930,930,960,1010,1040,1070,1100,1150,1190,1290,1350,1450,1560,1700,1790,1870,1940,2020,2150,2040,2130,2180,2270,2370,2410,2540,2640,2640,2800,3050
Uganda,660,690,700,760,800,890,960,1000,1030,1100,1110,1150,1240,1300,1380,1470,1640,1770,1910,1980,2060,2240,1990,1990,2070,2130,2100,2080,2180,2280,2320,2420,2640
Ukraine,7790,7330,6580,5640,4530,4090,3780,3760,3730,3790,3990,4550,4920,5550,6440,6880,7630,8600,8940,7640,8240,8790,9600,10900,10600,10600,11300,12000,12800,13500,13400,13900,13300
Uruguay,6430,6930,7640,8000,8700,8720,9340,10300,10800,10800,10800,10600,10000,9800,10500,11800,12800,13900,15100,15700,17100,18300,17900,19400,20300,21000,21600,22100,22600,23400,22000,23100,26300
USA,23600,24100,25100,25900,27300,28400,29900,31500,33100,34700,36800,37700,38400,39800,42100,44500,47100,48300,48400,47000,49000,50900,53100,54400,56700,58200,58900,61200,64100,66300,64800,71100,78000
Uzbekistan,,,2360,2310,2200,2190,2210,2310,2410,2520,2620,2750,2880,3030,3330,3640,3970,4590,5100,5300,5560,5950,6130,6410,6580,6790,6860,6970,7500,7810,7840,8650,9640
St. Vincent and the Grenadines,3750,3910,4310,4590,4570,5030,5230,5450,5740,5910,6180,6510,6970,7520,8010,8530,9580,10300,10600,10700,10400,10600,11000,11600,11700,12100,13400,13500,14300,14800,14300,15000,16800
Venezuela,9380,10400,10900,10900,10600,11100,11100,11700,11600,11000,11500,11900,10600,9870,11700,13300,15000,16800,17600,16700,16400,17000,,,,,,,,,,,
Vietnam,1120,1220,1340,1450,1600,1800,1960,2110,2210,2330,2520,2710,2890,3120,3410,3740,4080,4420,4710,4890,5220,5630,6160,6490,6970,7210,7820,8500,9360,10200,10600,11100,12800
Vanuatu,1620,1490,1490,1500,1590,1630,1710,1800,1970,1990,2040,2030,1850,1910,1980,2070,2310,2370,2610,2550,2570,2660,2580,2740,2850,2830,2930,3040,3210,3660,3350,3530,3780
Samoa,1530,1520,,,,,,,,,,,3260,3480,3680,4020,4230,4370,4580,4630,5030,5240,5110,5160,5230,5530,5960,6060,6080,6360,6210,6000,5930
Yemen,1980,2010,2120,2170,2260,2440,2740,2870,3030,3020,3100,3200,3250,3320,3410,3570,3410,3740,3800,3830,4070,3500,3520,3710,,,,,,,,,
South Africa,6300,6350,6250,6370,6620,6840,7140,7350,7370,7560,7980,8250,8670,9000,9630,10400,11200,11800,12300,12200,12500,13000,12800,13200,13200,13300,13300,13600,13900,14100,13400,14400,15600
Zambia,1410,1380,1370,1500,1390,1420,1510,1550,1520,1590,1660,1740,1790,1910,1960,2070,2190,2300,2530,2830,2930,3110,3300,3360,3390,3290,3220,3240,3450,3450,3270,3630,3980
Zimbabwe,1570,1630,1440,1490,1610,1610,1850,1810,1730,1790,1740,1840,1750,1500,1370,1330,1250,1150,780,1350,1660,1850,2090,2270,2270,2310,2390,2070,2410,2260,2060,2280,2550
